{"state":{"isStdOutTTY":false,"isStdErrTTY":false,"testRunDurationMs":60027.740817},"metrics":{"data_received":{"type":"counter","contains":"data","values":{"count":78350832,"rate":1305243.72454495}},"data_sent":{"type":"counter","contains":"data","values":{"count":87232565,"rate":1453204.1988042889}},"http_req_blocked":{"type":"trend","contains":"time","values":{"avg":0.005127873579017334,"min":0.000591,"med":0.001022,"max":93.967413,"p(90)":0.001563,"p(95)":0.001874}},"http_reqs":{"type":"counter","contains":"default","values":{"count":317210,"rate":5284.390111682586}},"http_req_sending":{"values":{"p(95)":0.02162,"avg":0.008726679738972972,"min":0.003406,"med":0.006292,"max":87.091742,"p(90)":0.010439},"type":"trend","contains":"time"},"iterations":{"type":"counter","contains":"default","values":{"count":317209,"rate":5284.373452718141}},"http_req_connecting":{"type":"trend","contains":"time","values":{"max":93.91738,"p(90)":0,"p(95)":0,"avg":0.0038956029664890778,"min":0,"med":0}},"http_req_waiting":{"type":"trend","contains":"time","values":{"avg":18.602194505740265,"min":1.127135,"med":17.703586,"max":640.863915,"p(90)":20.642601300000003,"p(95)":22.973423549999996}},"vus":{"values":{"value":100,"min":100,"max":100},"type":"gauge","contains":"default"},"vus_max":{"type":"gauge","contains":"default","values":{"max":100,"value":100,"min":100}},"http_req_duration{expected_response:true}":{"type":"trend","contains":"time","values":{"min":7.292209,"med":7.292209,"max":7.292209,"p(90)":7.292209,"p(95)":7.292209,"avg":7.292209}},"checks":{"contains":"default","values":{"passes":1,"fails":317209,"rate":0.0000031524857350020493},"type":"rate"},"http_req_duration":{"contains":"time","values":{"avg":18.642933955373188,"min":1.152102,"med":17.7421485,"max":640.936901,"p(90)":20.697760500000005,"p(95)":23.03371504999998},"type":"trend"},"http_req_receiving":{"type":"trend","contains":"time","values":{"min":0.007904,"med":0.027662,"max":10.148868,"p(90)":0.038522,"p(95)":0.04288,"avg":0.032012769893761395}},"iteration_duration":{"contains":"time","values":{"avg":18.903297402238508,"min":1.483846,"med":17.988356500000002,"max":719.481176,"p(90)":20.9677045,"p(95)":23.311137799999987},"type":"trend"},"http_req_failed":{"type":"rate","contains":"default","values":{"rate":0.999996847514265,"passes":317209,"fails":1}},"http_req_tls_handshaking":{"type":"trend","contains":"time","values":{"p(90)":0,"p(95)":0,"avg":0,"min":0,"med":0,"max":0}}},"root_group":{"path":"","id":"d41d8cd98f00b204e9800998ecf8427e","groups":[{"id":"a8a9942382e8ffe2e56ef29e664b8229","groups":[],"checks":[{"name":"status is 200","path":"::teardown::status is 200","id":"bacb2488eca8a9452148e68af34c0ceb","passes":1,"fails":0}],"name":"teardown","path":"::teardown"}],"checks":[{"name":"status is 200","path":"::status is 200","id":"6210a8cd14cd70477eba5c5e4cb3fb5f","passes":0,"fails":317209}],"name":""},"options":{"summaryTimeUnit":"","noColor":false,"summaryTrendStats":["avg","min","med","max","p(90)","p(95)"]}}