{"state":{"isStdOutTTY":false,"isStdErrTTY":false,"testRunDurationMs":60026.815876},"metrics":{"iterations":{"type":"counter","contains":"default","values":{"count":305496,"rate":5089.32542134296}},"http_req_failed":{"contains":"default","values":{"rate":0.9999967266454335,"passes":305496,"fails":1},"type":"rate"},"http_req_waiting":{"type":"trend","contains":"time","values":{"avg":19.523011706003384,"min":2.260506,"med":18.675414,"max":706.65718,"p(90)":22.269081600000007,"p(95)":24.836468000000004}},"data_received":{"values":{"count":75457721,"rate":1257066.8608489295},"type":"counter","contains":"data"},"http_reqs":{"type":"counter","contains":"default","values":{"count":305497,"rate":5089.3420805641}},"http_req_connecting":{"type":"trend","contains":"time","values":{"avg":0.0037871707905478614,"min":0,"med":0,"max":64.593469,"p(90)":0,"p(95)":0}},"iteration_duration":{"type":"trend","contains":"time","values":{"avg":19.628259501864335,"min":3.84115,"med":18.77206,"max":706.89244,"p(90)":22.382261600000003,"p(95)":24.957644200000004}},"http_req_duration{expected_response:true}":{"contains":"time","values":{"p(95)":7.339297,"avg":7.339297,"min":7.339297,"med":7.339297,"max":7.339297,"p(90)":7.339297},"type":"trend"},"http_req_duration":{"type":"trend","contains":"time","values":{"min":3.184972,"med":18.713305,"max":706.715659,"p(90)":22.314401200000006,"p(95)":24.8826682,"avg":19.563871832380883}},"http_req_tls_handshaking":{"type":"trend","contains":"time","values":{"med":0,"max":0,"p(90)":0,"p(95)":0,"avg":0,"min":0}},"http_req_sending":{"contains":"time","values":{"avg":0.008119057293524632,"min":0.004208,"med":0.006111,"max":62.73983,"p(90)":0.007915,"p(95)":0.009327},"type":"trend"},"vus_max":{"type":"gauge","contains":"default","values":{"value":100,"min":100,"max":100}},"http_req_blocked":{"type":"trend","contains":"time","values":{"med":0.000942,"max":67.523141,"p(90)":0.001372,"p(95)":0.001633,"avg":0.005310380697683723,"min":0.000561}},"http_req_receiving":{"type":"trend","contains":"time","values":{"avg":0.032741069084148824,"min":0.008676,"med":0.03163,"max":8.278947,"p(90)":0.040966,"p(95)":0.045866}},"data_sent":{"type":"counter","contains":"data","values":{"count":69958674,"rate":1165457.0208174405}},"vus":{"type":"gauge","contains":"default","values":{"min":100,"max":100,"value":100}},"checks":{"type":"rate","contains":"default","values":{"rate":0.000003273354566493288,"passes":1,"fails":305496}}},"root_group":{"checks":[{"name":"status is 200","path":"::status is 200","id":"6210a8cd14cd70477eba5c5e4cb3fb5f","passes":0,"fails":305496}],"name":"","path":"","id":"d41d8cd98f00b204e9800998ecf8427e","groups":[{"name":"teardown","path":"::teardown","id":"a8a9942382e8ffe2e56ef29e664b8229","groups":[],"checks":[{"passes":1,"fails":0,"name":"status is 200","path":"::teardown::status is 200","id":"bacb2488eca8a9452148e68af34c0ceb"}]}]},"options":{"summaryTimeUnit":"","noColor":false,"summaryTrendStats":["avg","min","med","max","p(90)","p(95)"]}}