{"state":{"isStdOutTTY":false,"isStdErrTTY":false,"testRunDurationMs":60025.261793},"metrics":{"http_req_blocked":{"contains":"time","values":{"p(90)":0.001353,"p(95)":0.001613,"avg":0.0030721586116485276,"min":0.000541,"med":0.000922,"max":40.31315},"type":"trend"},"http_reqs":{"type":"counter","contains":"default","values":{"rate":5199.194317156554,"count":312083}},"http_req_sending":{"values":{"med":0.005981,"max":37.696995,"p(90)":0.007685,"p(95)":0.008886,"avg":0.00716533247245161,"min":0.003737},"type":"trend","contains":"time"},"checks":{"type":"rate","contains":"default","values":{"rate":0.000003204275785608316,"passes":1,"fails":312082}},"http_req_waiting":{"type":"trend","contains":"time","values":{"p(90)":21.807717,"p(95)":24.205138899999977,"avg":19.121703728659043,"min":0.523449,"med":18.225742,"max":680.675334}},"data_received":{"values":{"count":77084463,"rate":1284200.3632708755},"type":"counter","contains":"data"},"iterations":{"contains":"default","values":{"count":312082,"rate":5199.1776575040985},"type":"counter"},"http_req_duration{expected_response:true}":{"type":"trend","contains":"time","values":{"med":8.032455,"max":8.032455,"p(90)":8.032455,"p(95)":8.032455,"avg":8.032455,"min":8.032455}},"http_req_receiving":{"type":"trend","contains":"time","values":{"avg":0.03196957673759776,"min":0.008195,"med":0.030988,"max":5.078381,"p(90)":0.040355,"p(95)":0.044934}},"iteration_duration":{"values":{"p(95)":24.317855499999986,"avg":19.218081009007552,"min":1.311001,"med":18.317121,"max":684.895021,"p(90)":21.911786399999997},"type":"trend","contains":"time"},"http_req_duration":{"type":"trend","contains":"time","values":{"max":680.724816,"p(90)":21.8494086,"p(95)":24.25075499999999,"avg":19.160838637868345,"min":0.662839,"med":18.263578}},"data_sent":{"type":"counter","contains":"data","values":{"count":61480244,"rate":1024239.4978970283}},"vus_max":{"values":{"value":100,"min":100,"max":100},"type":"gauge","contains":"default"},"http_req_connecting":{"type":"trend","contains":"time","values":{"p(90)":0,"p(95)":0,"avg":0.0014986218089418518,"min":0,"med":0,"max":40.295337}},"http_req_failed":{"type":"rate","contains":"default","values":{"passes":312082,"fails":1,"rate":0.9999967957242144}},"vus":{"type":"gauge","contains":"default","values":{"max":100,"value":100,"min":100}},"http_req_tls_handshaking":{"type":"trend","contains":"time","values":{"p(95)":0,"avg":0,"min":0,"med":0,"max":0,"p(90)":0}}},"root_group":{"name":"","path":"","id":"d41d8cd98f00b204e9800998ecf8427e","groups":[{"path":"::teardown","id":"a8a9942382e8ffe2e56ef29e664b8229","groups":[],"checks":[{"name":"status is 200","path":"::teardown::status is 200","id":"bacb2488eca8a9452148e68af34c0ceb","passes":1,"fails":0}],"name":"teardown"}],"checks":[{"path":"::status is 200","id":"6210a8cd14cd70477eba5c5e4cb3fb5f","passes":0,"fails":312082,"name":"status is 200"}]},"options":{"summaryTrendStats":["avg","min","med","max","p(90)","p(95)"],"summaryTimeUnit":"","noColor":false}}