{"state":{"isStdOutTTY":false,"isStdErrTTY":false,"testRunDurationMs":60019.833231},"metrics":{"http_req_sending":{"values":{"avg":0.006498857020275706,"min":0.003096,"med":0.00509,"max":58.615232,"p(90)":0.006452,"p(95)":0.007544},"type":"trend","contains":"time"},"iterations":{"type":"counter","contains":"default","values":{"count":201616,"rate":3359.1562846240327}},"http_reqs":{"type":"counter","contains":"default","values":{"count":201616,"rate":3359.1562846240327}},"data_sent":{"type":"counter","contains":"data","values":{"rate":345993.09731627535,"count":20766448}},"iteration_duration":{"type":"trend","contains":"time","values":{"min":12.458841,"med":28.630349000000002,"max":321.194591,"p(90)":33.904022499999996,"p(95)":37.57592075,"avg":29.759402996830904}},"http_req_waiting":{"type":"trend","contains":"time","values":{"med":28.548873,"max":261.857435,"p(90)":33.810328,"p(95)":37.4772755,"avg":29.658689760862014,"min":12.362391}},"http_req_tls_handshaking":{"values":{"max":0,"p(90)":0,"p(95)":0,"avg":0,"min":0,"med":0},"type":"trend","contains":"time"},"http_req_blocked":{"type":"trend","contains":"time","values":{"max":59.418132,"p(90)":0.001362,"p(95)":0.001583,"avg":0.016002397542866895,"min":0.000491,"med":0.000981}},"checks":{"type":"rate","contains":"default","values":{"rate":1,"passes":201616,"fails":0}},"data_received":{"values":{"count":77017312,"rate":1283197.7007263803},"type":"counter","contains":"data"},"vus":{"type":"gauge","contains":"default","values":{"value":100,"min":100,"max":100}},"http_req_failed":{"contains":"default","values":{"rate":0,"passes":0,"fails":201616},"type":"rate"},"http_req_duration{expected_response:true}":{"type":"trend","contains":"time","values":{"p(95)":37.526194,"avg":29.6977994440968,"min":12.405441,"med":28.585898999999998,"max":261.894213,"p(90)":33.8523365}},"http_req_receiving":{"type":"trend","contains":"time","values":{"avg":0.03261082621418999,"min":0.007664,"med":0.030667,"max":10.171502,"p(90)":0.0435115,"p(95)":0.04848025}},"http_req_connecting":{"type":"trend","contains":"time","values":{"avg":0.0025853122222442666,"min":0,"med":0,"max":58.060304,"p(90)":0,"p(95)":0}},"http_req_duration":{"type":"trend","contains":"time","values":{"max":261.894213,"p(90)":33.8523365,"p(95)":37.526194,"avg":29.6977994440968,"min":12.405441,"med":28.585898999999998}},"vus_max":{"type":"gauge","contains":"default","values":{"min":100,"max":100,"value":100}}},"root_group":{"path":"","id":"d41d8cd98f00b204e9800998ecf8427e","groups":[],"checks":[{"passes":201616,"fails":0,"name":"status is 200","path":"::status is 200","id":"6210a8cd14cd70477eba5c5e4cb3fb5f"}],"name":""},"options":{"summaryTrendStats":["avg","min","med","max","p(90)","p(95)"],"summaryTimeUnit":"","noColor":false}}