{
    "latency": {
        "avg": 128.64913025309858,
        "stdev": 22.832735604276603,
        "n": 46555
    },
    "rps": {
        "avg": 750.8870967741933,
        "stdev": 165.00704822079274,
        "n": 62
    }
}