{
    "latency": {
        "avg": 128.01133246618596,
        "stdev": 193.72538480726345,
        "n": 47303
    },
    "rps": {
        "avg": 815.5689655172416,
        "stdev": 165.34260273214582,
        "n": 58
    }
}