{
    "latency": {
        "avg": 114.79879423440816,
        "stdev": 20.592970524742842,
        "n": 52238
    },
    "rps": {
        "avg": 856.3606557377046,
        "stdev": 125.34438236209047,
        "n": 61
    }
}