{
    "latency": {
        "avg": 300.6891784162478,
        "stdev": 337.103935495549,
        "n": 19988
    },
    "rps": {
        "avg": 344.6206896551723,
        "stdev": 131.1738550992283,
        "n": 58
    }
}