{
    "latency": {
        "avg": 144.19324732965518,
        "stdev": 114.52304102309368,
        "n": 41604
    },
    "rps": {
        "avg": 693.3999999999997,
        "stdev": 135.68139150229848,
        "n": 60
    }
}