{
    "latency": {
        "avg": 111.39526332620757,
        "stdev": 31.38072465406378,
        "n": 53837
    },
    "rps": {
        "avg": 868.3387096774192,
        "stdev": 154.25962024147717,
        "n": 62
    }
}