{
    "latency": {
        "avg": 122.49695700026484,
        "stdev": 13.890909939547262,
        "n": 48957
    },
    "rps": {
        "avg": 789.6290322580645,
        "stdev": 128.64608037494835,
        "n": 62
    }
}