{"state":{"isStdErrTTY":false,"testRunDurationMs":60026.144882,"isStdOutTTY":false},"metrics":{"http_req_tls_handshaking":{"type":"trend","contains":"time","values":{"avg":0,"min":0,"med":0,"max":0,"p(90)":0,"p(95)":0}},"http_reqs":{"type":"counter","contains":"default","values":{"count":166449,"rate":2772.9416961093725}},"data_sent":{"type":"counter","contains":"data","values":{"count":17144247,"rate":285612.99469926534}},"vus_max":{"type":"gauge","contains":"default","values":{"value":100,"min":100,"max":100}},"http_req_sending":{"type":"trend","contains":"time","values":{"min":0.003175,"med":0.00527,"max":7.417192,"p(90)":0.007033,"p(95)":0.007995,"avg":0.00596196887334758}},"data_received":{"type":"counter","contains":"data","values":{"count":330401265,"rate":5504289.266777105}},"iterations":{"type":"counter","contains":"default","values":{"count":166449,"rate":2772.9416961093725}},"http_req_duration":{"contains":"time","values":{"avg":35.98092015993988,"min":6.334746,"med":34.96662,"max":217.869655,"p(90)":40.1860154,"p(95)":42.98557040000001},"type":"trend"},"http_req_connecting":{"type":"trend","contains":"time","values":{"med":0,"max":60.688155,"p(90)":0,"p(95)":0,"avg":0.0032677556909323584,"min":0}},"checks":{"type":"rate","contains":"default","values":{"rate":1,"passes":166449,"fails":0}},"vus":{"type":"gauge","contains":"default","values":{"value":100,"min":100,"max":100}},"http_req_duration{expected_response:true}":{"type":"trend","contains":"time","values":{"avg":35.98092015993988,"min":6.334746,"med":34.96662,"max":217.869655,"p(90)":40.1860154,"p(95)":42.98557040000001}},"http_req_failed":{"type":"rate","contains":"default","values":{"rate":0,"passes":0,"fails":166449}},"http_req_blocked":{"type":"trend","contains":"time","values":{"p(90)":0.001502,"p(95)":0.001744,"avg":0.004470012027705224,"min":0.000511,"med":0.001021,"max":60.711048}},"http_req_waiting":{"type":"trend","contains":"time","values":{"avg":35.939540743110705,"min":6.273311,"med":34.926095,"max":217.819832,"p(90)":40.14218,"p(95)":42.938889800000005}},"iteration_duration":{"type":"trend","contains":"time","values":{"max":218.04958,"p(90)":40.2372336,"p(95)":43.040243800000006,"avg":36.032595555383296,"min":6.398065,"med":35.013613}},"http_req_receiving":{"type":"trend","contains":"time","values":{"max":10.161116,"p(90)":0.044584,"p(95)":0.04960720000000004,"avg":0.03541744795703137,"min":0.009197,"med":0.034955}}},"root_group":{"groups":[],"checks":[{"fails":0,"name":"status is 200","path":"::status is 200","id":"6210a8cd14cd70477eba5c5e4cb3fb5f","passes":166449}],"name":"","path":"","id":"d41d8cd98f00b204e9800998ecf8427e"},"options":{"summaryTrendStats":["avg","min","med","max","p(90)","p(95)"],"summaryTimeUnit":"","noColor":false}}