{"options":{"summaryTrendStats":["avg","min","med","max","p(90)","p(95)"],"summaryTimeUnit":"","noColor":false},"state":{"isStdOutTTY":true,"isStdErrTTY":true,"testRunDurationMs":1629.019775},"metrics":{"data_sent":{"type":"counter","contains":"data","values":{"count":391130,"rate":240101.44382685595}},"http_req_sending":{"contains":"time","values":{"med":0.020579,"max":72.413925,"p(90)":0.0353822,"p(95)":0.2257100999999993,"avg":0.13714287622439908,"min":0.006332},"type":"trend"},"vus":{"contains":"default","values":{"value":100,"min":100,"max":100},"type":"gauge"},"data_received":{"type":"counter","contains":"data","values":{"count":234707,"rate":144078.66841272693}},"http_req_blocked":{"contains":"time","values":{"med":0.001774,"max":73.956284,"p(90)":0.004085000000000008,"p(95)":0.8521669999999983,"avg":0.7799625948352618,"min":0.000951},"type":"trend"},"http_req_duration":{"contains":"time","values":{"p(90)":141.8822146,"p(95)":215.73487539999928,"avg":129.45659973909167,"min":44.135494,"med":119.878905,"max":436.449154},"type":"trend"},"http_req_receiving":{"type":"trend","contains":"time","values":{"max":0.43788,"p(90)":0.06384480000000001,"p(95)":0.07470789999999992,"avg":0.041276155832591276,"min":0.012093,"med":0.037811}},"http_req_failed":{"values":{"rate":0,"passes":0,"fails":1123},"type":"rate","contains":"default"},"http_reqs":{"type":"counter","contains":"default","values":{"rate":689.3716191996504,"count":1123}},"http_req_connecting":{"type":"trend","contains":"time","values":{"p(95)":0.6645480999999951,"avg":0.5094778842386465,"min":0,"med":0,"max":66.597225,"p(90)":0}},"iterations":{"type":"counter","contains":"default","values":{"count":1122,"rate":688.7577531095349}},"http_req_tls_handshaking":{"type":"trend","contains":"time","values":{"avg":0,"min":0,"med":0,"max":0,"p(90)":0,"p(95)":0}},"checks":{"values":{"rate":1,"passes":1123,"fails":0},"type":"rate","contains":"default"},"iteration_duration":{"type":"trend","contains":"time","values":{"avg":131.26462365093496,"min":44.540513,"med":120.339904,"max":442.166098,"p(90)":142.49738779999998,"p(95)":220.72226629999872}},"http_req_duration{expected_response:true}":{"values":{"max":436.449154,"p(90)":141.8822146,"p(95)":215.73487539999928,"avg":129.45659973909167,"min":44.135494,"med":119.878905},"type":"trend","contains":"time"},"http_req_waiting":{"type":"trend","contains":"time","values":{"avg":129.27818070703447,"min":44.099125,"med":119.811314,"max":436.373611,"p(90)":141.7519262,"p(95)":214.8962412999993}},"vus_max":{"type":"gauge","contains":"default","values":{"value":100,"min":100,"max":100}}},"root_group":{"name":"","path":"","id":"d41d8cd98f00b204e9800998ecf8427e","groups":[{"name":"teardown","path":"::teardown","id":"a8a9942382e8ffe2e56ef29e664b8229","groups":[],"checks":[{"name":"status is 200","path":"::teardown::status is 200","id":"bacb2488eca8a9452148e68af34c0ceb","passes":1,"fails":0}]}],"checks":[{"fails":0,"name":"status is 200","path":"::status is 200","id":"6210a8cd14cd70477eba5c5e4cb3fb5f","passes":1122}]}}